"departamento","anio","pbi","pea_ocupada","pbi_por_trabajador","region"
"Amazonas",2007,1778775,215.766534592119,8243.98001924886,"Selva"
"Amazonas",2008,1930947,215.173095440923,8973.92397522185,"Selva"
"Amazonas",2009,2058318,220.371218446968,9340.23060954001,"Selva"
"Amazonas",2010,2210682,226.124670904163,9776.38570422481,"Selva"
"Amazonas",2011,2287107,229.5659038098,9962.7469151295,"Selva"
"Amazonas",2012,2551601,221.647351292501,11511.9850750336,"Selva"
"Amazonas",2013,2682266,226.194940585665,11858.2051086336,"Selva"
"Amazonas",2014,2824603,223.699574631099,12626.7696514758,"Selva"
"Amazonas",2015,2782128,226.426542592706,12287.1107253732,"Selva"
"Amazonas",2016,2784366,232.665296691062,11967.259576735,"Selva"
"Amazonas",2017,2940822,237.924002459379,12360.3418301695,"Selva"
"Ancash",2007,15672771,547.950187506852,28602.5470149219,"Costa"
"Ancash",2008,16854588,574.031859499672,29361.7640224543,"Costa"
"Ancash",2009,16400826,565.106581693521,29022.5358035111,"Costa"
"Ancash",2010,16013215,573.279105190046,27932.6681454603,"Costa"
"Ancash",2011,16155687,572.993822689982,28195.2201930474,"Costa"
"Ancash",2012,17666947,584.33795415795,30234.1254308197,"Costa"
"Ancash",2013,18478843,583.825375852398,31651.3186379069,"Costa"
"Ancash",2014,16028265,608.586889459367,26336.8555544116,"Costa"
"Ancash",2015,17584621,608.834501732762,28882.4318430602,"Costa"
"Ancash",2016,18365696,611.970373146846,30010.7600071565,"Costa"
"Ancash",2017,19317454,614.629183058596,31429.4448302471,"Costa"
"Apurimac",2007,1824181,230.069209432539,7928.83586856018,"Sierra"
"Apurimac",2008,1688564,233.664662129965,7226.44145078648,"Sierra"
"Apurimac",2009,1623801,226.792419389802,7159.8557146175,"Sierra"
"Apurimac",2010,1765744,231.110591395196,7640.25564272215,"Sierra"
"Apurimac",2011,1869417,238.068331446618,7852.43878780735,"Sierra"
"Apurimac",2012,2110908,240.707334711143,8769.60397793098,"Sierra"
"Apurimac",2013,2342674,250.90296033721,9336.97233723939,"Sierra"
"Apurimac",2014,2437434,252.462284012075,9654.64607728664,"Sierra"
"Apurimac",2015,2630345,263.826672270528,9969.97376104128,"Sierra"
"Apurimac",2016,6343065,257.07333812878,24674.1456977637,"Sierra"
"Apurimac",2017,7718535,258.485064328748,29860.66146624,"Sierra"
"Arequipa",2007,16991831,601.344513825791,28256.3997996704,"Costa"
"Arequipa",2008,18885807,588.978285587555,32065.3705953859,"Costa"
"Arequipa",2009,19032479,597.670282211714,31844.4459536606,"Costa"
"Arequipa",2010,20158733,616.263482242569,32711.2243072441,"Costa"
"Arequipa",2011,21038813,635.086064629182,33127.4990457935,"Costa"
"Arequipa",2012,22033542,628.890199770997,35035.5944615185,"Costa"
"Arequipa",2013,22629103,661.774991428446,34194.5575053462,"Costa"
"Arequipa",2014,22773308,669.319208629421,34024.5845426032,"Costa"
"Arequipa",2015,23524592,665.969985576325,35323.8021374822,"Costa"
"Arequipa",2016,29623112,657.191759791246,45075.2943241553,"Costa"
"Arequipa",2017,30724797,678.524290786307,45281.7937651055,"Costa"
"Ayacucho",2007,2975676,309.09227738269,9627.14444112685,"Sierra"
"Ayacucho",2008,3401175,322.050194988754,10561.0089760038,"Sierra"
"Ayacucho",2009,3750401,316.825388353897,11837.4383425698,"Sierra"
"Ayacucho",2010,3922514,320.639191155984,12233.4203309906,"Sierra"
"Ayacucho",2011,4111349,332.839134143495,12352.3605797733,"Sierra"
"Ayacucho",2012,4482971,320.914816777689,13969.3487667961,"Sierra"
"Ayacucho",2013,4906299,340.413116020996,14412.7789708825,"Sierra"
"Ayacucho",2014,4879476,354.321923321096,13771.3070483027,"Sierra"
"Ayacucho",2015,5162331,351.035073148666,14706.0262488749,"Sierra"
"Ayacucho",2016,5177917,353.22538328306,14658.9606666253,"Sierra"
"Ayacucho",2017,5451854,359.803626736007,15152.3041873063,"Sierra"
"Cajamarca",2007,8159499,794.819949713309,10265.8457465029,"Sierra"
"Cajamarca",2008,9319769,824.24538311068,11307.0320938013,"Sierra"
"Cajamarca",2009,10050467,817.095983735654,12300.2281250369,"Sierra"
"Cajamarca",2010,10140905,801.75362937486,12648.4054807548,"Sierra"
"Cajamarca",2011,10595497,803.747660594979,13182.6162855101,"Sierra"
"Cajamarca",2012,11270583,768.096460689017,14673.3953049201,"Sierra"
"Cajamarca",2013,11086928,791.903430931087,14000.3535367494,"Sierra"
"Cajamarca",2014,10855588,795.937467469436,13638.7448055608,"Sierra"
"Cajamarca",2015,10798612,801.439204382374,13474.025154936,"Sierra"
"Cajamarca",2016,10581305,825.60379016126,12816.4443115422,"Sierra"
"Cajamarca",2017,10901682,870.320788625682,12526.0503281954,"Sierra"
"Cusco",2007,10913725,648.697124402356,16824.068720907,"Sierra"
"Cusco",2008,11663686,684.533710040803,17038.8774561661,"Sierra"
"Cusco",2009,13631820,701.89328483106,19421.499385453,"Sierra"
"Cusco",2010,15405459,692.795037675705,22236.676307158,"Sierra"
"Cusco",2011,17384466,715.516114580148,24296.4003825419,"Sierra"
"Cusco",2012,17711332,734.653141939862,24108.4274862461,"Sierra"
"Cusco",2013,20708699,726.342731259424,28510.919306775,"Sierra"
"Cusco",2014,20723581,732.906776250312,28275.8758297006,"Sierra"
"Cusco",2015,21071852,752.871917804564,27988.6279480941,"Sierra"
"Cusco",2016,21898270,736.693713228306,29725.0670214605,"Sierra"
"Cusco",2017,21576717,755.114926461117,28574.0835519175,"Sierra"
"Huancavelica",2007,2475279,226.393591185255,10933.5206312201,"Sierra"
"Huancavelica",2008,2613850,229.564593490365,11386.1199597825,"Sierra"
"Huancavelica",2009,2696095,233.279371062019,11557.3656930138,"Sierra"
"Huancavelica",2010,2817536,232.426439072342,12122.2697867133,"Sierra"
"Huancavelica",2011,2909215,241.552085283775,12043.8413793127,"Sierra"
"Huancavelica",2012,3143661,249.524691313022,12598.5968901826,"Sierra"
"Huancavelica",2013,3174927,249.850165470668,12707.3239836326,"Sierra"
"Huancavelica",2014,3281748,259.184674260344,12661.8134708982,"Sierra"
"Huancavelica",2015,3265820,256.067996273719,12753.7218532732,"Sierra"
"Huancavelica",2016,3212948,258.949684994521,12407.6150162839,"Sierra"
"Huancavelica",2017,3354985,264.308985773585,12693.4201278877,"Sierra"
"Huanuco",2007,3200861,405.065686428289,7902.07886583518,"Sierra"
"Huanuco",2008,3464132,411.831528129863,8411.52695552646,"Sierra"
"Huanuco",2009,3499798,422.018777755473,8292.99117592312,"Sierra"
"Huanuco",2010,3739082,424.117978385758,8816.13652463254,"Sierra"
"Huanuco",2011,3955589,429.235081175894,9215.43735233296,"Sierra"
"Huanuco",2012,4380310,431.168440347026,10159.1619193522,"Sierra"
"Huanuco",2013,4642728,439.03386489801,10574.8744486454,"Sierra"
"Huanuco",2014,4799787,450.969781456927,10643.2563718428,"Sierra"
"Huanuco",2015,5114983,458.586011558182,11153.8138344437,"Sierra"
"Huanuco",2016,5345445,452.703565621546,11807.8261492394,"Sierra"
"Huanuco",2017,5832171,451.520867973329,12916.7252582986,"Sierra"
"Ica",2007,8793956,345.395446949573,25460.5440739463,"Costa"
"Ica",2008,10415637,358.793373510947,29029.6247616798,"Costa"
"Ica",2009,10841974,367.546200947887,29498.261639051,"Costa"
"Ica",2010,11607992,377.700484096554,30733.3257138018,"Costa"
"Ica",2011,12883432,389.566669023087,33071.1865886979,"Costa"
"Ica",2012,13067505,394.176955009897,33151.3672575605,"Costa"
"Ica",2013,14394675,404.387407198278,35596.2493978999,"Costa"
"Ica",2014,14809397,404.495656856076,36612.0049720815,"Costa"
"Ica",2015,15295581,389.694956945593,39250.1384156621,"Costa"
"Ica",2016,15325191,411.411837810729,37250.243166436,"Costa"
"Ica",2017,16206741,407.923060745798,39729.8965407092,"Costa"
"Junin",2007,9240435,617.514703462535,14963.9108966749,"Sierra"
"Junin",2008,10023855,641.850354409169,15617.1215473225,"Sierra"
"Junin",2009,9039077,642.532514668366,14067.890408107,"Sierra"
"Junin",2010,9518659,656.295265838868,14503.6228287178,"Sierra"
"Junin",2011,10009485,675.310907304707,14822.0395846259,"Sierra"
"Junin",2012,10718558,678.426172906258,15799.1516661033,"Sierra"
"Junin",2013,11095514,679.165754705611,16336.9750655485,"Sierra"
"Junin",2014,12391582,685.47354369649,18077.4037363675,"Sierra"
"Junin",2015,14412891,698.130624892011,20644.9774384692,"Sierra"
"Junin",2016,14285221,705.135826763281,20258.8217160545,"Sierra"
"Junin",2017,14954057,699.710168317204,21371.7874587479,"Sierra"
"La Libertad",2007,14615612,791.25094059444,18471.5255934101,"Costa"
"La Libertad",2008,15653801,807.650197056451,19381.9069902435,"Costa"
"La Libertad",2009,15716171,864.321339137541,18183.2500117171,"Costa"
"La Libertad",2010,16624855,889.6698452805,18686.5443267423,"Costa"
"La Libertad",2011,17378414,876.784662814983,19820.6181483664,"Costa"
"La Libertad",2012,18712792,911.17126697881,20537.0742890592,"Costa"
"La Libertad",2013,19532083,897.182104501612,21770.4777012356,"Costa"
"La Libertad",2014,19821258,911.854908741302,21737.2937404709,"Costa"
"La Libertad",2015,20274733,918.700215923096,22068.9324423727,"Costa"
"La Libertad",2016,20448345,945.85213556171,21618.9658311195,"Costa"
"La Libertad",2017,20797558,976.34747365411,21301.3896806251,"Costa"
"Lambayeque",2007,6880023,571.577950489484,12036.8936452292,"Costa"
"Lambayeque",2008,7512522,574.99993292451,13065.2571762757,"Costa"
"Lambayeque",2009,7910362,606.125555108274,13050.6987097532,"Costa"
"Lambayeque",2010,8449884,614.187821805501,13757.8175600425,"Costa"
"Lambayeque",2011,8937792,610.472526131198,14640.7768039002,"Costa"
"Lambayeque",2012,9782672,616.312961269904,15872.8967501234,"Costa"
"Lambayeque",2013,10138533,617.554770105319,16417.2207726141,"Costa"
"Lambayeque",2014,10354938,602.908811803297,17174.965429728,"Costa"
"Lambayeque",2015,10809529,615.692700194442,17556.6950795198,"Costa"
"Lambayeque",2016,11080412,633.961287928371,17478.0577473556,"Costa"
"Lambayeque",2017,11371483,628.416409738907,18095.4583995103,"Costa"
"Lima",2007,136238703,4284.30145589969,31799.5137369227,"Costa"
"Lima",2008,148415981,4395.42401982479,33766.021282724,"Costa"
"Lima",2009,148910138,4469.78404598478,33314.8394794971,"Costa"
"Lima",2010,164623842,4614.74185715915,35673.4671397942,"Costa"
"Lima",2011,178742876,4718.6301275959,37880.2472680918,"Costa"
"Lima",2012,189597321,4867.3419995144,38952.9482454522,"Costa"
"Lima",2013,200400691,4847.01226461402,41345.1999003676,"Costa"
"Lima",2014,208022491,4828.04541791525,43086.2746709255,"Costa"
"Lima",2015,214469326,4925.69616858165,43540.9165851487,"Costa"
"Lima",2016,220241329,5047.73590136701,43631.7060368303,"Costa"
"Lima",2017,224691974,5190.23241940385,43291.3125739768,"Costa"
"Callao",2007,13386423,439.240220518349,30476.3142687676,"Costa"
"Callao",2008,14627416,444.067323320312,32939.6360232726,"Costa"
"Callao",2009,14288888,468.676554600501,30487.7379927396,"Costa"
"Callao",2010,15689336,479.98146240963,32687.3790525899,"Costa"
"Callao",2011,17563803,482.294796493354,36417.152180994,"Costa"
"Callao",2012,18070083,487.475283653603,37068.7163143239,"Costa"
"Callao",2013,19196199,504.107731225293,38079.5568307223,"Costa"
"Callao",2014,19828477,504.198060080508,39326.7617825303,"Costa"
"Callao",2015,20209052,512.053239695791,39466.7007907344,"Costa"
"Callao",2016,20690862,529.008767676677,39112.5124274801,"Costa"
"Callao",2017,21400320,533.479507376916,40114.6055360664,"Costa"
"Loreto",2007,6910964,461.500587998613,14974.9841705961,"Selva"
"Loreto",2008,7324982,441.699867422697,16583.6182898152,"Selva"
"Loreto",2009,7374935,448.061862963624,16459.6356208936,"Selva"
"Loreto",2010,7906943,455.5734666863,17356.0217576161,"Selva"
"Loreto",2011,7608889,462.342552228122,16457.2543957532,"Selva"
"Loreto",2012,8212422,485.42171568453,16918.1182766392,"Selva"
"Loreto",2013,8505693,499.285745118309,17035.7216947672,"Selva"
"Loreto",2014,8779305,493.484357104738,17790.4423384522,"Selva"
"Loreto",2015,8584514,495.346880164421,17330.3079998213,"Selva"
"Loreto",2016,7602217,500.078040112207,15202.0612588672,"Selva"
"Loreto",2017,8087444,505.059343908663,16012.8588799311,"Selva"
"Madre de Dios",2007,1864543,61.9876712020011,30079.2555010489,"Selva"
"Madre de Dios",2008,1902177,64.4846619865518,29498.1308950134,"Selva"
"Madre de Dios",2009,2033411,66.8733907058291,30406.8775119363,"Selva"
"Madre de Dios",2010,2229180,69.3357542487333,32150.51201438,"Selva"
"Madre de Dios",2011,2454999,68.6630935802239,35754.2731035218,"Selva"
"Madre de Dios",2012,1950139,72.3376188222941,26958.8497900483,"Selva"
"Madre de Dios",2013,2240082,75.0102373236982,29863.6836773783,"Selva"
"Madre de Dios",2014,1923155,75.9096850554067,25334.7777506425,"Selva"
"Madre de Dios",2015,2346810,79.0290788120723,29695.525182327,"Selva"
"Madre de Dios",2016,2663699,77.8478130722748,34216.74797116,"Selva"
"Madre de Dios",2017,2409050,81.9086790025869,29411.4131656783,"Selva"
"Moquegua",2007,7525100,89.2617110550442,84303.7839075207,"Costa"
"Moquegua",2008,8663619,87.2026720175329,99350.3845645705,"Costa"
"Moquegua",2009,8436303,90.2196396723647,93508.4980458433,"Costa"
"Moquegua",2010,8457008,94.8859097656576,89128.1753095534,"Costa"
"Moquegua",2011,7785269,93.9111049284207,82900.4089125983,"Costa"
"Moquegua",2012,7756800,98.3089762989784,78902.2558470137,"Costa"
"Moquegua",2013,8598669,100.606274262484,85468.5163826452,"Costa"
"Moquegua",2014,8371348,100.216712993414,83532.4543177759,"Costa"
"Moquegua",2015,8693747,99.6738035984618,87221.984976343,"Costa"
"Moquegua",2016,8635514,101.465333392798,85108.0237086466,"Costa"
"Moquegua",2017,8696704,102.279218150881,85029.0426269265,"Costa"
"Pasco",2007,5486459,127.853659933563,42912.0214693183,"Sierra"
"Pasco",2008,5416732,127.238790976391,42571.3884770019,"Sierra"
"Pasco",2009,5040946,148.424885064103,33962.9435981902,"Sierra"
"Pasco",2010,4702403,148.970613772225,31565.9772147409,"Sierra"
"Pasco",2011,4641887,149.023745794522,31148.6399382308,"Sierra"
"Pasco",2012,4880072,152.122777581646,32079.8244521982,"Sierra"
"Pasco",2013,4885819,153.39016045888,31852.2321469882,"Sierra"
"Pasco",2014,5046668,151.481027416424,33315.512088036,"Sierra"
"Pasco",2015,5211406,152.771108598504,34112.5101978283,"Sierra"
"Pasco",2016,5329324,160.171224028934,33272.6682480574,"Sierra"
"Pasco",2017,5333755,159.964325320721,33343.4032200997,"Sierra"
"Piura",2007,12651720,828.614693292439,15268.5199796896,"Costa"
"Piura",2008,13580502,811.857340783558,16727.6950244644,"Costa"
"Piura",2009,13998851,848.0244894133,16507.6022859729,"Costa"
"Piura",2010,15106528,859.283058943749,17580.3861635179,"Costa"
"Piura",2011,16366999,842.760443608459,19420.7014865591,"Costa"
"Piura",2012,17066135,867.584062116424,19670.8719595057,"Costa"
"Piura",2013,17746782,869.356845002542,20413.69099699,"Costa"
"Piura",2014,18750443,890.144216048195,21064.5001809289,"Costa"
"Piura",2015,18866671,887.539096880409,21257.2844016833,"Costa"
"Piura",2016,18924869,894.581920682367,21154.9871090224,"Costa"
"Piura",2017,18473111,904.966402858157,20413.0351598207,"Costa"
"Puno",2007,5888474,713.593312337026,8251.86264808899,"Sierra"
"Puno",2008,6328455,717.242265434143,8823.31578182919,"Sierra"
"Puno",2009,6587873,736.167642938626,8948.87606537908,"Sierra"
"Puno",2010,6980479,759.164343334649,9194.95108178825,"Sierra"
"Puno",2011,7384505,765.11643451327,9651.47873826245,"Sierra"
"Puno",2012,7734458,765.235853801894,10107.2864811197,"Sierra"
"Puno",2013,8294320,780.965035920389,10620.6035078445,"Sierra"
"Puno",2014,8487313,795.733637888724,10666.0226436059,"Sierra"
"Puno",2015,8519702,775.85467484002,10981.0538961523,"Sierra"
"Puno",2016,9075999,770.923141229215,11772.8973416579,"Sierra"
"Puno",2017,9434737,775.052852918608,12173.0240260025,"Sierra"
"San Martin",2007,3266254,393.581380512897,8298.80213272175,"Selva"
"San Martin",2008,3598432,392.115842776469,9176.96151861769,"Selva"
"San Martin",2009,3740600,390.265369453695,9584.76024976595,"Selva"
"San Martin",2010,4034361,418.31493176217,9644.31506904398,"Selva"
"San Martin",2011,4245537,429.375933157573,9887.6920482685,"Selva"
"San Martin",2012,4752177,415.878135146962,11426.8498350381,"Selva"
"San Martin",2013,4828116,429.11167755181,11251.4206733912,"Selva"
"San Martin",2014,5173301,430.79254471908,12008.798813762,"Selva"
"San Martin",2015,5466266,418.854196732007,13050.5222166783,"Selva"
"San Martin",2016,5588107,446.494366249337,12515.5151383913,"Selva"
"San Martin",2017,5944145,472.239951588101,12587.1285985236,"Selva"
"Tacna",2007,5143137,155.368819872489,33102.7615722445,"Costa"
"Tacna",2008,5016741,164.515914121684,30493.955717192,"Costa"
"Tacna",2009,4823192,157.179162678032,30685.9504645657,"Costa"
"Tacna",2010,5338879,166.850445089702,31997.9907583088,"Costa"
"Tacna",2011,5466509,169.832992521589,32187.5562506213,"Costa"
"Tacna",2012,5526840,169.579746113258,32591.392112999,"Costa"
"Tacna",2013,5781849,172.541696738562,33509.8652052828,"Costa"
"Tacna",2014,6094038,178.000436638256,34236.0845573918,"Costa"
"Tacna",2015,6598403,173.259497028668,38083.9325587341,"Costa"
"Tacna",2016,6506248,182.47850560603,35654.8733144876,"Costa"
"Tacna",2017,6584715,179.523985802978,36678.7478037978,"Costa"
"Tumbes",2007,1637185,118.509219955846,13814.8323025835,"Costa"
"Tumbes",2008,1902059,114.663939467576,16588.1183642557,"Costa"
"Tumbes",2009,2082047,116.11209474972,17931.3533571835,"Costa"
"Tumbes",2010,2307874,120.216525158789,19197.6435598319,"Costa"
"Tumbes",2011,2168906,121.585316965486,17838.552007194,"Costa"
"Tumbes",2012,2440755,123.224216231608,19807.4296971988,"Costa"
"Tumbes",2013,2491026,123.639642638128,20147.470073905,"Costa"
"Tumbes",2014,2607186,125.053212963617,20848.6126682609,"Costa"
"Tumbes",2015,2540855,124.699447221565,20375.8321036134,"Costa"
"Tumbes",2016,2507255,128.882864491097,19453.7498052986,"Costa"
"Tumbes",2017,2649033,132.282826828566,20025.5245787351,"Costa"
"Ucayali",2007,3054659,219.128495662032,13940.0354607978,"Selva"
"Ucayali",2008,3212843,231.721111756778,13865.1285402614,"Selva"
"Ucayali",2009,3243767,241.062874136938,13456.1035647378,"Selva"
"Ucayali",2010,3351315,248.831828539908,13468.1926330116,"Selva"
"Ucayali",2011,3548168,253.14367036838,14016.4199833108,"Selva"
"Ucayali",2012,3882453,258.193076999005,15037.0143348768,"Selva"
"Ucayali",2013,3947464,259.298952735203,15223.6017861251,"Selva"
"Ucayali",2014,3957775,271.647636446098,14569.5175256396,"Selva"
"Ucayali",2015,4163474,267.193000019621,15582.2719895142,"Selva"
"Ucayali",2016,4176645,275.004154912511,15187.5705344479,"Selva"
"Ucayali",2017,4305190,270.965619002059,15888.3256697127,"Selva"
